Location,Soil Type,Rockbed height,Foundation insulation,Insulation above rockbed,Insulation below rockbed,Additional inlet insulation,"Predicted annual energy savings (kWh/yr)
(lower)","Predicted annual energy savings (kWh/yr)
(upper)","Predicted annual energy savings (Btu/yr)
(lower)","Predicted annual energy savings (Btu/yr)
(upper)","Predicted savings (%)
(lower)","Predicted savings (%)
(upper)","Predicted annual energy savings (Btu/yr)
(lower)","Predicted annual energy savings (Btu/yr)
(upper)","Predicted annual energy savings (kWh/yr)
(lower)","Predicted annual energy savings (kWh/yr)
(upper)","Predicted cost savings ($/yr)
(lower)","Predicted cost savings ($/yr)
(upper)",Predicted savings (%)
#REF!,#REF!,#REF!,#REF!,#REF!,#REF!,#REF!,#REF!,#REF!,#REF!,#REF!,#REF!,#REF!,"511,821","1,706,071",150,500,$21.80,$72.65,2-5.5%
location_DWG,soil_type,rockbed_height,foundation_insulation,R_DWG_floor,R_rb_base,additional_inlet,dQ_aux_savings_4,dQ_aux_savings_1,#VALUE!,#VALUE!,decrease_Q_aux_4,decrease_Q_aux_1,"4,435,784","6,346,583","1,300","1,860",$188.89,$270.26,16.5-20.4%
NW (Pennington County),I15A,3'-9'',R-5,Soil,-,-,258,282,"879,765","962,063",2.99%,3.27%,"648,307","1,398,978",190,410,$27.61,$59.57,2-4.7%
NW (Pennington County),I15A,3'-9'',R-5,Soil,R-5,-,"1,429","1,483","4,876,646","5,061,375",16.57%,17.20%,"5,288,820","6,824,283","1,550","2,000",$225.22,$290.60,19-23%
NW (Pennington County),I15A,3'-9'',R-10,Soil,-,-,191,200,"652,781","683,127",2.33%,2.44%,"5,288,820","6,875,465","1,550","2,015",$225.22,$292.78,19-23.5%
NW (Pennington County),I15A,3'-9'',R-10,Soil,R-5,-,"1,563","1,612","5,334,724","5,502,032",19.07%,19.66%,"443,578","1,194,250",130,350,$18.89,$50.86,1.6-4.2%
NW (Pennington County),I15A,3'-9'',R-10,Soil,R-5,R-5,"1,595","1,622","5,443,782","5,535,583",19.67%,20.00%,"5,527,669","7,063,133","1,620","2,070",$235.39,$300.77,20.5-24.7%
NW (Pennington County),I15A,3'-9'',R-20,Soil,-,-,131,141,"448,042","480,193",1.66%,1.78%,"5,527,669","7,080,194","1,620","2,075",$235.39,$301.50,20.8-24.8%
NW (Pennington County),I15A,3'-9'',R-20,Soil,R-5,-,"1,644","1,673","5,610,541","5,708,038",20.76%,21.12%,"6,073,612","7,643,197","1,780","2,240",$258.63,$325.47,21.5-24.5%
NW (Pennington County),I15A,3'-9'',R-20,Soil,R-5,R-5,"1,649","1,676","5,626,200","5,717,726",20.90%,21.24%,"6,824,283","8,189,140","2,000","2,400",$290.60,$348.72,23-27%
NW (Pennington County),I15A,7'-6'',R-5,Soil,-,-,"1,869","1,886","6,378,895","6,434,083",21.68%,21.86%,"6,483,069","8,018,533","1,900","2,350",$276.07,$341.46,23.5-27%
NW (Pennington County),I15A,7'-6'',R-5,Soil,R-5,-,"2,006","2,052","6,843,678","7,002,257",23.26%,23.79%,"7,506,712","9,212,782","2,200","2,700",$319.66,$392.31,27.5-31%
NW (Pennington County),I15A,7'-6'',R-10,Soil,-,-,"1,935","1,984","6,603,283","6,770,999",23.60%,24.20%,"7,847,926","9,553,997","2,300","2,800",$334.19,$406.84,28.5-32.5%
NW (Pennington County),I15A,7'-6'',R-10,Soil,R-5,-,"2,239","2,293","7,638,579","7,823,148",27.30%,27.96%,"6,824,283","8,325,626","2,000","2,440",$290.60,$354.53,25-29%
NW (Pennington County),I15A,7'-6'',R-10,Soil,R-5,R-5,"2,312","2,369","7,889,379","8,082,411",28.51%,29.21%,"8,189,140","9,963,454","2,400","2,920",$348.72,$424.28,31-35%
NW (Pennington County),I15A,7'-6'',R-20,Soil,-,-,"2,026","2,068","6,911,681","7,054,982",25.57%,26.10%,"8,530,354","10,134,061","2,500","2,970",$363.25,$431.54,31.5-35.5%
NW (Pennington County),I15A,7'-6'',R-20,Soil,R-5,-,"2,467","2,517","8,416,145","8,589,634",31.14%,31.78%,na,na,na,na,na,na,na
NW (Pennington County),I15A,7'-6'',R-20,Soil,R-5,R-5,"2,500","2,547","8,530,628","8,689,699",31.69%,32.28%,na,na,na,na,na,na,na
NW (Pennington County),I55A,3'-9'',R-5,Soil,-,-,479,500,"1,634,458","1,704,812",5.25%,5.48%,na,na,na,na,na,na,na
NW (Pennington County),I55A,3'-9'',R-5,Soil,R-5,-,"1,805","1,861","6,159,628","6,350,849",19.80%,20.42%,na,na,na,na,na,na,na
NW (Pennington County),I55A,3'-9'',R-10,Soil,-,-,402,411,"1,370,438","1,403,515",4.62%,4.74%,"2,900,320","3,992,206",850,"1,170",$123.51,$170.00,10.5-13.5%
NW (Pennington County),I55A,3'-9'',R-10,Soil,R-5,-,"1,977","2,005","6,744,804","6,839,813",22.76%,23.08%,"8,530,354","10,236,425","2,500","3,000",$363.25,$435.90,29.5-34%
NW (Pennington County),I55A,3'-9'',R-10,Soil,R-5,R-5,"1,989","2,017","6,786,705","6,882,774",23.14%,23.47%,"2,559,106","3,650,992",750,"1,070",$108.98,$155.47,10-13%
NW (Pennington County),I55A,3'-9'',R-20,Soil,-,-,341,349,"1,162,228","1,190,097",4.05%,4.15%,"8,871,568","10,407,032","2,600","3,050",$377.78,$443.17,33.5-37%
NW (Pennington County),I55A,3'-9'',R-20,Soil,R-5,-,"2,045","2,072","6,977,075","7,071,423",24.33%,24.66%,"8,871,568","10,509,396","2,600","3,080",$377.78,$447.52,33.5-37.5%
NW (Pennington County),I55A,3'-9'',R-20,Soil,R-5,R-5,"2,050","2,076","6,995,390","7,083,416",24.48%,24.79%,"2,490,863","3,446,263",730,"1,010",$106.07,$146.75,9.5-12%
NW (Pennington County),I55A,7'-6'',R-5,Soil,-,-,"2,229","2,243","7,604,966","7,651,742",24.45%,24.60%,"8,871,568","10,577,639","2,600","3,100",$377.78,$450.43,35-38.5%
NW (Pennington County),I55A,7'-6'',R-5,Soil,R-5,-,"2,398","2,445","8,182,317","8,343,564",26.30%,26.82%,"8,871,568","10,611,760","2,600","3,110",$377.78,$451.88,35-39%
NW (Pennington County),I55A,7'-6'',R-10,Soil,-,-,"2,305","2,354","7,863,997","8,032,111",26.54%,27.10%,"8,871,568","10,372,911","2,600","3,040",$377.78,$441.71,31-35%
NW (Pennington County),I55A,7'-6'',R-10,Soil,R-5,-,"2,659","2,713","9,073,947","9,255,645",30.62%,31.23%,"9,553,997","11,601,282","2,800","3,400",$406.84,$494.02,34-39%
NW (Pennington County),I55A,7'-6'',R-10,Soil,R-5,R-5,"2,738","2,792","9,343,977","9,527,513",31.86%,32.49%,"8,973,932","10,577,639","2,630","3,100",$382.14,$450.43,34-37%
NW (Pennington County),I55A,7'-6'',R-20,Soil,-,-,"2,402","2,442","8,194,871","8,333,385",28.57%,29.06%,0,0,,,$0.00,$0.00,
NW (Pennington County),I55A,7'-6'',R-20,Soil,R-5,-,"2,904","2,953","9,907,824","10,076,981",34.55%,35.14%,0,0,,,$0.00,$0.00,
NW (Pennington County),I55A,7'-6'',R-20,Soil,R-5,R-5,"2,939","2,984","10,027,578","10,183,292",35.09%,35.64%,0,0,,,$0.00,$0.00,
NW (Pennington County),I75A,3'-9'',R-5,Soil,-,-,379,404,"1,292,836","1,379,236",4.25%,4.54%,0,0,,,$0.00,$0.00,
NW (Pennington County),I75A,3'-9'',R-5,Soil,R-5,-,"1,639","1,695","5,593,567","5,783,256",18.40%,19.02%,0,0,,,$0.00,$0.00,
NW (Pennington County),I75A,3'-9'',R-10,Soil,-,-,311,320,"1,061,593","1,091,044",3.67%,3.77%,"511,821","1,637,828",150,480,$21.80,$69.74,2.5-7%
NW (Pennington County),I75A,3'-9'',R-10,Soil,R-5,-,"1,809","1,838","6,173,742","6,269,833",21.34%,21.67%,"5,288,820","6,994,890","1,550","2,050",$225.22,$297.87,26-31%
NW (Pennington County),I75A,3'-9'',R-10,Soil,R-5,R-5,"1,821","1,849","6,212,778","6,308,542",21.70%,22.04%,"477,700","1,364,857",140,400,$20.34,$58.12,1.5-6.5%
NW (Pennington County),I75A,3'-9'',R-20,Soil,-,-,250,259,"852,710","882,444",3.05%,3.15%,"5,630,034","7,370,226","1,650","2,160",$239.75,$313.85,28-34%
NW (Pennington County),I75A,3'-9'',R-20,Soil,R-5,-,"1,875","1,903","6,397,736","6,493,101",22.87%,23.21%,"5,459,427","7,404,347","1,600","2,170",$232.48,$315.30,29-34%
NW (Pennington County),I75A,3'-9'',R-20,Soil,R-5,R-5,"1,880","1,906","6,415,094","6,504,068",23.02%,23.34%,"307,093","1,228,371",90,360,$13.08,$52.31,0.5-6%
NW (Pennington County),I75A,7'-6'',R-5,Soil,-,-,"2,075","2,089","7,078,491","7,127,443",23.28%,23.45%,"5,800,641","7,506,712","1,700","2,200",$247.01,$319.66,30-35.5%
NW (Pennington County),I75A,7'-6'',R-5,Soil,R-5,-,"2,227","2,273","7,597,926","7,754,848",24.99%,25.51%,"5,800,641","7,506,712","1,700","2,200",$247.01,$319.66,30-36%
NW (Pennington County),I75A,7'-6'',R-10,Soil,-,-,"2,148","2,194","7,328,883","7,486,028",25.33%,25.87%,"6,141,855","7,847,926","1,800","2,300",$261.54,$334.19,29-35%
NW (Pennington County),I75A,7'-6'',R-10,Soil,R-5,-,"2,479","2,533","8,459,063","8,641,580",29.24%,29.87%,"7,165,497","9,212,782","2,100","2,700",$305.13,$392.31,36-41%
NW (Pennington County),I75A,7'-6'',R-10,Soil,R-5,R-5,"2,556","2,611","8,721,890","8,908,200",30.47%,31.12%,"6,141,855","8,018,533","1,800","2,350",$261.54,$341.46,31-36%
NW (Pennington County),I75A,7'-6'',R-20,Soil,-,-,"2,242","2,285","7,651,192","7,796,455",27.35%,27.87%,"8,018,533","9,895,211","2,350","2,900",$341.46,$421.37,40-45%
NW (Pennington County),I75A,7'-6'',R-20,Soil,R-5,-,"2,718","2,768","9,274,252","9,444,549",33.15%,33.76%,"8,189,140","10,065,818","2,400","2,950",$348.72,$428.64,41-47%
NW (Pennington County),I75A,7'-6'',R-20,Soil,R-5,R-5,"2,753","2,798","9,392,212","9,548,676",33.70%,34.26%,"6,312,462","8,189,140","1,850","2,400",$268.81,$348.72,33-39%
NE (Lake County),B1-40B,3'-9'',R-5,Soil,-,-,927,931,"3,163,341","3,176,434",11.28%,11.32%,"8,189,140","10,577,639","2,400","3,100",$348.72,$450.43,44-50%
NE (Lake County),B1-40B,3'-9'',R-5,Soil,R-5,-,"2,561","2,576","8,737,335","8,789,645",31.15%,31.33%,"8,530,354","10,645,882","2,500","3,120",$363.25,$453.34,45-50%
NE (Lake County),B1-40B,3'-9'',R-10,Soil,-,-,829,834,"2,828,787","2,844,081",10.55%,10.61%,"73,361","2,013,164",21.5,590,$3.12,$85.73,1-10.3%
NE (Lake County),B1-40B,3'-9'',R-10,Soil,R-5,-,"2,673","2,678","9,119,498","9,136,085",34.01%,34.07%,"238,850","6,653,676",70,"1,950",$10.17,$283.34,2.5-34%
NE (Lake County),B1-40B,3'-9'',R-10,Soil,R-5,R-5,"2,681","2,702","9,148,893","9,219,297",34.44%,34.71%,"75,067","1,774,314",22,520,$3.20,$75.56,0.5-9.5%
NE (Lake County),B1-40B,3'-9'',R-20,Soil,-,-,767,778,"2,618,532","2,653,146",10.06%,10.19%,"230,320","6,926,648",67.5,"2,030",$9.81,$294.96,2.5-37.3%
NE (Lake County),B1-40B,3'-9'',R-20,Soil,R-5,-,"2,729","2,748","9,310,507","9,374,877",35.76%,36.00%,"211,553","6,994,890",62,"2,050",$9.01,$297.87,3-38%
NE (Lake County),B1-40B,3'-9'',R-20,Soil,R-5,R-5,"2,732","2,756","9,321,169","9,403,264",35.92%,36.23%,"51,182","1,637,828",15,480,$2.18,$69.74,-0.3-9%
NE (Lake County),B1-40B,7'-6'',R-5,Soil,-,-,"2,693","2,694","9,188,894","9,193,584",32.76%,32.77%,"221,789","7,097,255",65,"2,080",$9.44,$302.22,4-39.5%
NE (Lake County),B1-40B,7'-6'',R-5,Soil,R-5,-,"2,946","3,011","10,050,788","10,275,280",35.83%,36.63%,"221,789","7,131,376",65,"2,090",$9.44,$303.68,4-40%
NE (Lake County),B1-40B,7'-6'',R-10,Soil,-,-,"2,746","2,751","9,370,604","9,385,122",34.95%,35.00%,"1,364,857","7,506,712",400,"2,200",$58.12,$319.66,15.5-38.3%
NE (Lake County),B1-40B,7'-6'',R-10,Soil,R-5,-,"3,204","3,251","10,934,045","11,093,356",40.78%,41.37%,"1,535,464","8,530,354",450,"2,500",$65.39,$363.25,16-43.5%
NE (Lake County),B1-40B,7'-6'',R-10,Soil,R-5,R-5,"3,294","3,313","11,240,011","11,303,887",42.32%,42.56%,"1,194,250","7,609,076",350,"2,230",$50.86,$324.02,16-41%
NE (Lake County),B1-40B,7'-6'',R-20,Soil,-,-,"2,825","2,837","9,640,357","9,680,144",37.02%,37.18%,"1,296,614","9,110,418",380,"2,670",$55.21,$387.95,17-49%
NE (Lake County),B1-40B,7'-6'',R-20,Soil,R-5,-,"3,443","3,463","11,747,670","11,814,557",45.12%,45.37%,"1,364,857","9,315,147",400,"2,730",$58.12,$396.67,17.3-51%
NE (Lake County),B1-40B,7'-6'',R-20,Soil,R-5,R-5,"3,467","3,495","11,829,640","11,924,836",45.58%,45.95%,"1,364,857","7,847,926",400,"2,300",$58.12,$334.19,17-43.5%
NE (Lake County),B1-41D,3'-9'',R-5,Soil,-,-,889,893,"3,032,690","3,045,382",10.90%,10.95%,"1,364,857","9,690,482",400,"2,840",$58.12,$412.65,18-53.5%
NE (Lake County),B1-41D,3'-9'',R-5,Soil,R-5,-,"2,502","2,518","8,538,202","8,590,400",30.69%,30.88%,"1,364,857","9,792,846",400,"2,870",$58.12,$417.01,18-54.5%
NE (Lake County),B1-41D,3'-9'',R-10,Soil,-,-,791,796,"2,699,959","2,714,827",10.16%,10.21%,"225,201","1,757,253",66,515,$9.59,$74.83,2.5-14%
NE (Lake County),B1-41D,3'-9'',R-10,Soil,R-5,-,"2,614","2,619","8,919,860","8,936,544",33.56%,33.62%,"2,047,285","3,821,599",600,"1,120",$87.18,$162.74,22-33.5%
NE (Lake County),B1-41D,3'-9'',R-10,Soil,R-5,R-5,"2,623","2,643","8,948,390","9,019,421",33.99%,34.26%,"68,243","1,569,585",20,460,$2.91,$66.84,1-13.5%
NE (Lake County),B1-41D,3'-9'',R-20,Soil,-,-,728,739,"2,484,118","2,522,362",9.63%,9.78%,"2,252,013","4,913,484",660,"1,440",$95.90,$209.23,26.5-42%
NE (Lake County),B1-41D,3'-9'',R-20,Soil,R-5,-,"2,669","2,688","9,107,440","9,172,089",35.30%,35.55%,"2,320,256","4,981,727",680,"1,460",$98.80,$212.14,27.5-43.5%
NE (Lake County),B1-41D,3'-9'',R-20,Soil,R-5,R-5,"2,672","2,696","9,118,184","9,200,249",35.45%,35.77%,"-20,473","1,433,099",-6,420,-$0.87,$61.03,-0.5-13%
NE (Lake County),B1-41D,7'-6'',R-5,Soil,-,-,"2,638","2,640","9,002,123","9,007,161",32.36%,32.38%,"2,388,499","5,084,091",700,"1,490",$101.71,$216.50,30-45.5%
NE (Lake County),B1-41D,7'-6'',R-5,Soil,R-5,-,"2,885","2,951","9,843,559","10,068,367",35.38%,36.19%,"2,388,499","5,118,212",700,"1,500",$101.71,$217.95,30-46%
NE (Lake County),B1-41D,7'-6'',R-10,Soil,-,-,"2,691","2,695","9,183,146","9,196,402",34.55%,34.60%,"3,139,170","4,845,241",920,"1,420",$133.68,$206.33,34-42.5%
NE (Lake County),B1-41D,7'-6'',R-10,Soil,R-5,-,"3,143","3,189","10,723,061","10,881,691",40.34%,40.94%,"3,241,535","6,005,369",950,"1,760",$138.04,$255.73,35-48%
NE (Lake County),B1-41D,7'-6'',R-10,Soil,R-5,R-5,"3,231","3,250","11,026,222","11,090,454",41.88%,42.12%,"3,241,535","5,868,884",950,"1,720",$138.04,$249.92,38-50.5%
NE (Lake County),B1-41D,7'-6'',R-20,Soil,-,-,"2,769","2,781","9,447,666","9,488,579",36.61%,36.77%,"3,582,749","6,551,312","1,050","1,920",$152.57,$278.98,42.5-56.5%
NE (Lake County),B1-41D,7'-6'',R-20,Soil,R-5,-,"3,379","3,399","11,529,883","11,597,167",44.68%,44.94%,"3,753,356","6,790,162","1,100","1,990",$159.83,$289.15,45.5-59%
NE (Lake County),B1-41D,7'-6'',R-20,Soil,R-5,R-5,"3,403","3,431","11,611,498","11,707,817",45.15%,45.52%,"3,343,899","6,039,491",980,"1,770",$142.39,$257.18,42-54%
NE (Lake County),D1-20A,3'-9'',R-5,Soil,-,-,"1,105","1,109","3,771,062","3,785,012",12.92%,12.97%,"3,923,963","7,097,255","1,150","2,080",$167.10,$302.22,50.5-64%
NE (Lake County),D1-20A,3'-9'',R-5,Soil,R-5,-,"2,851","2,866","9,728,506","9,779,440",33.34%,33.51%,"3,923,963","7,199,619","1,150","2,110",$167.10,$306.58,51-65%
NE (Lake County),D1-20A,3'-9'',R-10,Soil,-,-,"1,003","1,008","3,421,436","3,439,578",12.24%,12.31%,,,,,,,
NE (Lake County),D1-20A,3'-9'',R-10,Soil,R-5,-,"2,952","2,958","10,073,536","10,092,342",36.05%,36.11%,,,,,,,
NE (Lake County),D1-20A,3'-9'',R-10,Soil,R-5,R-5,"2,961","2,982","10,104,103","10,175,248",36.48%,36.74%,,,,,,,
NE (Lake County),D1-20A,3'-9'',R-20,Soil,-,-,945,954,"3,224,093","3,256,493",11.86%,11.98%,,,,,,,
NE (Lake County),D1-20A,3'-9'',R-20,Soil,R-5,-,"3,011","3,030","10,272,777","10,338,045",37.79%,38.03%,,,,,,,
NE (Lake County),D1-20A,3'-9'',R-20,Soil,R-5,R-5,"3,014","3,038","10,285,364","10,365,824",37.96%,38.25%,,,,,,,
NE (Lake County),D1-20A,7'-6'',R-5,Soil,-,-,"2,953","2,954","10,075,765","10,080,725",34.53%,34.54%,,,,,,,
NE (Lake County),D1-20A,7'-6'',R-5,Soil,R-5,-,"3,251","3,316","11,093,673","11,314,503",38.02%,38.77%,,,,,,,
NE (Lake County),D1-20A,7'-6'',R-10,Soil,-,-,"3,004","3,010","10,251,007","10,271,208",36.68%,36.75%,,,,,,,
NE (Lake County),D1-20A,7'-6'',R-10,Soil,R-5,-,"3,506","3,553","11,961,764","12,121,906",42.80%,43.37%,,,,,,,
NE (Lake County),D1-20A,7'-6'',R-10,Soil,R-5,R-5,"3,597","3,615","12,273,892","12,334,578",44.31%,44.53%,,,,,,,
NE (Lake County),D1-20A,7'-6'',R-20,Soil,-,-,"3,090","3,101","10,544,805","10,581,099",38.79%,38.93%,,,,,,,
NE (Lake County),D1-20A,7'-6'',R-20,Soil,R-5,-,"3,750","3,769","12,794,648","12,859,749",47.07%,47.31%,,,,,,,
NE (Lake County),D1-20A,7'-6'',R-20,Soil,R-5,R-5,"3,775","3,801","12,879,225","12,969,370",47.53%,47.86%,,,,,,,
NE (Lake County),E2-31D,3'-9'',R-5,Soil,-,-,877,885,"2,992,810","3,019,236",10.75%,10.84%,,,,,,,
NE (Lake County),E2-31D,3'-9'',R-5,Soil,R-5,-,"2,519","2,534","8,596,301","8,645,477",30.87%,31.04%,,,,,,,
NE (Lake County),E2-31D,3'-9'',R-10,Soil,-,-,780,785,"2,662,096","2,677,716",10.00%,10.06%,,,,,,,
NE (Lake County),E2-31D,3'-9'',R-10,Soil,R-5,-,"2,614","2,619","8,919,355","8,937,159",33.51%,33.58%,,,,,,,
NE (Lake County),E2-31D,3'-9'',R-10,Soil,R-5,R-5,"2,622","2,643","8,945,402","9,017,133",33.93%,34.20%,,,,,,,
NE (Lake County),E2-31D,3'-9'',R-20,Soil,-,-,719,730,"2,453,678","2,489,298",9.50%,9.63%,,,,,,,
NE (Lake County),E2-31D,3'-9'',R-20,Soil,R-5,-,"2,667","2,686","9,100,401","9,165,352",35.22%,35.47%,,,,,,,
NE (Lake County),E2-31D,3'-9'',R-20,Soil,R-5,R-5,"2,670","2,694","9,110,849","9,193,386",35.38%,35.70%,,,,,,,
NE (Lake County),E2-31D,7'-6'',R-5,Soil,-,-,"2,639","2,641","9,003,175","9,010,162",32.33%,32.35%,,,,,,,
NE (Lake County),E2-31D,7'-6'',R-5,Soil,R-5,-,"2,908","2,972","9,922,683","10,140,254",35.63%,36.41%,,,,,,,
NE (Lake County),E2-31D,7'-6'',R-10,Soil,-,-,"2,686","2,690","9,165,877","9,179,395",34.44%,34.49%,,,,,,,
NE (Lake County),E2-31D,7'-6'',R-10,Soil,R-5,-,"3,150","3,196","10,748,884","10,905,729",40.39%,40.98%,,,,,,,
NE (Lake County),E2-31D,7'-6'',R-10,Soil,R-5,R-5,"3,238","3,256","11,046,835","11,111,143",41.90%,42.15%,,,,,,,
NE (Lake County),E2-31D,7'-6'',R-20,Soil,-,-,"2,764","2,776","9,432,797","9,471,424",36.50%,36.65%,,,,,,,
NE (Lake County),E2-31D,7'-6'',R-20,Soil,R-5,-,"3,384","3,403","11,545,172","11,612,485",44.68%,44.94%,,,,,,,
NE (Lake County),E2-31D,7'-6'',R-20,Soil,R-5,R-5,"3,407","3,435","11,626,615","11,722,400",45.14%,45.52%,,,,,,,
NE (Lake County),E2-33E,3'-9'',R-5,Soil,-,-,"1,173","1,174","4,002,745","4,004,305",13.54%,13.55%,,,,,,,
NE (Lake County),E2-33E,3'-9'',R-5,Soil,R-5,-,"2,944","2,959","10,045,386","10,096,669",33.99%,34.17%,,,,,,,
NE (Lake County),E2-33E,3'-9'',R-10,Soil,-,-,"1,067","1,072","3,639,066","3,657,710",12.85%,12.92%,,,,,,,
NE (Lake County),E2-33E,3'-9'',R-10,Soil,R-5,-,"3,047","3,052","10,396,268","10,415,410",36.71%,36.78%,,,,,,,
NE (Lake County),E2-33E,3'-9'',R-10,Soil,R-5,R-5,"3,056","3,077","10,428,192","10,498,767",37.15%,37.40%,,,,,,,
NE (Lake County),E2-33E,3'-9'',R-20,Soil,-,-,"1,008","1,018","3,440,396","3,473,793",12.49%,12.61%,,,,,,,
NE (Lake County),E2-33E,3'-9'',R-20,Soil,R-5,-,"3,106","3,125","10,598,704","10,664,135",38.47%,38.70%,,,,,,,
NE (Lake County),E2-33E,3'-9'',R-20,Soil,R-5,R-5,"3,110","3,134","10,612,263","10,693,834",38.63%,38.93%,,,,,,,
NE (Lake County),E2-33E,7'-6'',R-5,Soil,-,-,"3,041","3,042","10,376,714","10,381,212",35.11%,35.13%,,,,,,,
NE (Lake County),E2-33E,7'-6'',R-5,Soil,R-5,-,"3,347","3,412","11,420,086","11,641,633",38.64%,39.39%,,,,,,,
NE (Lake County),E2-33E,7'-6'',R-10,Soil,-,-,"3,093","3,100","10,554,564","10,576,170",37.27%,37.35%,,,,,,,
NE (Lake County),E2-33E,7'-6'',R-10,Soil,R-5,-,"3,605","3,652","12,300,363","12,460,625",43.44%,44.00%,,,,,,,
NE (Lake County),E2-33E,7'-6'',R-10,Soil,R-5,R-5,"3,697","3,715","12,615,823","12,675,726",44.95%,45.16%,,,,,,,
NE (Lake County),E2-33E,7'-6'',R-20,Soil,-,-,"3,181","3,191","10,853,871","10,889,207",39.39%,39.52%,,,,,,,
NE (Lake County),E2-33E,7'-6'',R-20,Soil,R-5,-,"3,851","3,870","13,140,866","13,205,399",47.69%,47.93%,,,,,,,
NE (Lake County),E2-33E,7'-6'',R-20,Soil,R-5,R-5,"3,876","3,902","13,226,810","13,315,567",48.15%,48.47%,,,,,,,
Central (Stearns County),236,3'-9'',R-5,Soil,-,-,303,307,"1,033,049","1,047,097",4.80%,4.86%,,,,,,,
Central (Stearns County),236,3'-9'',R-5,Soil,R-5,-,"1,737","1,761","5,926,817","6,009,704",27.52%,27.90%,,,,,,,
Central (Stearns County),236,3'-9'',R-10,Soil,-,-,229,236,"782,369","804,444",3.81%,3.92%,,,,,,,
Central (Stearns County),236,3'-9'',R-10,Soil,R-5,-,"1,831","1,847","6,248,150","6,301,284",30.42%,30.68%,,,,,,,
Central (Stearns County),236,3'-9'',R-10,Soil,R-5,R-5,"1,845","1,852","6,295,646","6,320,894",30.98%,31.10%,,,,,,,
Central (Stearns County),236,3'-9'',R-20,Soil,-,-,184,189,"626,815","645,149",3.15%,3.25%,,,,,,,
Central (Stearns County),236,3'-9'',R-20,Soil,R-5,-,"1,877","1,887","6,404,142","6,437,900",32.22%,32.39%,,,,,,,
Central (Stearns County),236,3'-9'',R-20,Soil,R-5,R-5,"1,878","1,894","6,409,670","6,461,063",32.37%,32.63%,,,,,,,
Central (Stearns County),236,7'-6'',R-5,Soil,-,-,"2,024","2,031","6,905,878","6,929,878",32.06%,32.17%,,,,,,,
Central (Stearns County),236,7'-6'',R-5,Soil,R-5,-,"2,379","2,413","8,116,515","8,232,702",37.68%,38.22%,,,,,,,
Central (Stearns County),236,7'-6'',R-10,Soil,-,-,"2,053","2,064","7,005,434","7,041,268",34.11%,34.29%,,,,,,,
Central (Stearns County),236,7'-6'',R-10,Soil,R-5,-,"2,537","2,583","8,656,173","8,813,939",42.15%,42.92%,,,,,,,
Central (Stearns County),236,7'-6'',R-10,Soil,R-5,R-5,"2,588","2,629","8,830,592","8,971,709",43.45%,44.14%,,,,,,,
Central (Stearns County),236,7'-6'',R-20,Soil,-,-,"2,106","2,121","7,186,334","7,237,494",36.15%,36.41%,,,,,,,
Central (Stearns County),236,7'-6'',R-20,Soil,R-5,-,"2,692","2,742","9,184,950","9,357,074",46.21%,47.07%,,,,,,,
Central (Stearns County),236,7'-6'',R-20,Soil,R-5,R-5,"2,716","2,775","9,267,646","9,469,750",46.80%,47.82%,,,,,,,
Central (Stearns County),36,3'-9'',R-5,Soil,-,-,409,413,"1,397,190","1,410,609",6.25%,6.31%,,,,,,,
Central (Stearns County),36,3'-9'',R-5,Soil,R-5,-,"1,928","1,947","6,578,261","6,642,604",29.45%,29.73%,,,,,,,
Central (Stearns County),36,3'-9'',R-10,Soil,-,-,333,340,"1,136,242","1,160,787",5.33%,5.44%,,,,,,,
Central (Stearns County),36,3'-9'',R-10,Soil,R-5,-,"2,022","2,038","6,900,875","6,952,718",32.36%,32.60%,,,,,,,
Central (Stearns County),36,3'-9'',R-10,Soil,R-5,R-5,"2,037","2,044","6,949,140","6,974,768",32.91%,33.03%,,,,,,,
Central (Stearns County),36,3'-9'',R-20,Soil,-,-,288,292,"981,054","997,459",4.75%,4.83%,,,,,,,
Central (Stearns County),36,3'-9'',R-20,Soil,R-5,-,"2,070","2,080","7,063,274","7,096,334",34.17%,34.33%,,,,,,,
Central (Stearns County),36,3'-9'',R-20,Soil,R-5,R-5,"2,072","2,086","7,068,848","7,119,398",34.32%,34.57%,,,,,,,
Central (Stearns County),36,7'-6'',R-5,Soil,-,-,"2,194","2,201","7,486,759","7,508,526",33.51%,33.61%,,,,,,,
Central (Stearns County),36,7'-6'',R-5,Soil,R-5,-,"2,569","2,606","8,766,003","8,890,718",39.24%,39.80%,,,,,,,
Central (Stearns County),36,7'-6'',R-10,Soil,-,-,"2,227","2,237","7,599,732","7,631,377",35.63%,35.78%,,,,,,,
Central (Stearns County),36,7'-6'',R-10,Soil,R-5,-,"2,740","2,784","9,348,835","9,500,696",43.83%,44.54%,,,,,,,
Central (Stearns County),36,7'-6'',R-10,Soil,R-5,R-5,"2,792","2,832","9,525,598","9,662,863",45.11%,45.76%,,,,,,,
Central (Stearns County),36,7'-6'',R-20,Soil,-,-,"2,282","2,297","7,786,488","7,837,497",37.67%,37.92%,,,,,,,
Central (Stearns County),36,7'-6'',R-20,Soil,R-5,-,"2,899","2,946","9,892,801","10,053,342",47.86%,48.64%,,,,,,,
Central (Stearns County),36,7'-6'',R-20,Soil,R-5,R-5,"2,924","2,980","9,975,712","10,168,399",48.44%,49.38%,,,,,,,
Central (Stearns County),421B,3'-9'',R-5,Soil,-,-,481,486,"1,642,360","1,656,885",7.18%,7.25%,,,,,,,
Central (Stearns County),421B,3'-9'',R-5,Soil,R-5,-,"2,047","2,067","6,986,188","7,052,475",30.56%,30.85%,,,,,,,
Central (Stearns County),421B,3'-9'',R-10,Soil,-,-,409,413,"1,394,267","1,408,734",6.38%,6.45%,,,,,,,
Central (Stearns County),421B,3'-9'',R-10,Soil,R-5,-,"2,150","2,165","7,334,795","7,385,583",33.58%,33.81%,,,,,,,
Central (Stearns County),421B,3'-9'',R-10,Soil,R-5,R-5,"2,165","2,172","7,387,987","7,411,617",34.15%,34.26%,,,,,,,
Central (Stearns County),421B,3'-9'',R-20,Soil,-,-,360,365,"1,230,043","1,246,235",5.81%,5.88%,,,,,,,
Central (Stearns County),421B,3'-9'',R-20,Soil,R-5,-,"2,200","2,209","7,505,563","7,538,157",35.42%,35.58%,,,,,,,
Central (Stearns County),421B,3'-9'',R-20,Soil,R-5,R-5,"2,201","2,216","7,511,499","7,560,695",35.58%,35.81%,,,,,,,
Central (Stearns County),421B,7'-6'',R-5,Soil,-,-,"2,307","2,313","7,871,029","7,892,125",34.43%,34.52%,,,,,,,
Central (Stearns County),421B,7'-6'',R-5,Soil,R-5,-,"2,692","2,730","9,184,084","9,315,274",40.18%,40.75%,,,,,,,
Central (Stearns County),421B,7'-6'',R-10,Soil,-,-,"2,344","2,353","7,999,177","8,028,817",36.62%,36.75%,,,,,,,
Central (Stearns County),421B,7'-6'',R-10,Soil,R-5,-,"2,873","2,917","9,803,648","9,953,908",44.88%,45.56%,,,,,,,
Central (Stearns County),421B,7'-6'',R-10,Soil,R-5,R-5,"2,926","2,966","9,985,469","10,120,645",46.16%,46.78%,,,,,,,
Central (Stearns County),421B,7'-6'',R-20,Soil,-,-,"2,401","2,414","8,191,145","8,237,648",38.66%,38.88%,,,,,,,
Central (Stearns County),421B,7'-6'',R-20,Soil,R-5,-,"3,037","3,083","10,362,693","10,521,296",48.91%,49.66%,,,,,,,
Central (Stearns County),421B,7'-6'',R-20,Soil,R-5,R-5,"3,062","3,116","10,446,671","10,632,800",49.48%,50.36%,,,,,,,
Central (Stearns County),446A,3'-9'',R-5,Soil,-,-,209,213,"713,396","727,793",3.43%,3.50%,,,,,,,
Central (Stearns County),446A,3'-9'',R-5,Soil,R-5,-,"1,567","1,590","5,348,412","5,424,708",25.72%,26.09%,,,,,,,
Central (Stearns County),446A,3'-9'',R-10,Soil,-,-,140,145,"477,329","494,784",2.41%,2.50%,,,,,,,
Central (Stearns County),446A,3'-9'',R-10,Soil,R-5,-,"1,656","1,672","5,649,960","5,705,241",28.53%,28.81%,,,,,,,
Central (Stearns County),446A,3'-9'',R-10,Soil,R-5,R-5,"1,667","1,677","5,686,764","5,723,314",29.03%,29.22%,,,,,,,
Central (Stearns County),446A,3'-9'',R-20,Soil,-,-,92,99,"313,004","339,443",1.63%,1.77%,,,,,,,
Central (Stearns County),446A,3'-9'',R-20,Soil,R-5,-,"1,701","1,711","5,802,608","5,837,593",30.31%,30.49%,,,,,,,
Central (Stearns County),446A,3'-9'',R-20,Soil,R-5,R-5,"1,702","1,717","5,808,977","5,857,790",30.46%,30.72%,,,,,,,
Central (Stearns County),446A,7'-6'',R-5,Soil,-,-,"1,868","1,876","6,374,006","6,399,871",30.66%,30.78%,,,,,,,
Central (Stearns County),446A,7'-6'',R-5,Soil,R-5,-,"2,198","2,234","7,500,900","7,623,265",36.08%,36.66%,,,,,,,
Central (Stearns County),446A,7'-6'',R-10,Soil,-,-,"1,895","1,907","6,465,255","6,505,760",32.65%,32.86%,,,,,,,
Central (Stearns County),446A,7'-6'',R-10,Soil,R-5,-,"2,350","2,398","8,020,220","8,181,605",40.51%,41.32%,,,,,,,
Central (Stearns County),446A,7'-6'',R-10,Soil,R-5,R-5,"2,401","2,443","8,191,368","8,334,810",41.81%,42.55%,,,,,,,
Central (Stearns County),446A,7'-6'',R-20,Soil,-,-,"1,946","1,962","6,640,247","6,693,556",34.69%,34.96%,,,,,,,
Central (Stearns County),446A,7'-6'',R-20,Soil,R-5,-,"2,501","2,555","8,535,472","8,717,375",44.59%,45.54%,,,,,,,
Central (Stearns County),446A,7'-6'',R-20,Soil,R-5,R-5,"2,525","2,587","8,616,766","8,827,618",45.19%,46.29%,,,,,,,
Central (Stearns County),446B,3'-9'',R-5,Soil,-,-,481,486,"1,642,360","1,656,885",7.18%,7.25%,,,,,,,
Central (Stearns County),446B,3'-9'',R-5,Soil,R-5,-,"2,047","2,067","6,986,188","7,052,475",30.56%,30.85%,,,,,,,
Central (Stearns County),446B,3'-9'',R-10,Soil,-,-,409,413,"1,394,267","1,408,734",6.38%,6.45%,,,,,,,
Central (Stearns County),446B,3'-9'',R-10,Soil,R-5,-,"2,150","2,165","7,334,795","7,385,583",33.58%,33.81%,,,,,,,
Central (Stearns County),446B,3'-9'',R-10,Soil,R-5,R-5,"2,165","2,172","7,387,987","7,411,617",34.15%,34.26%,,,,,,,
Central (Stearns County),446B,3'-9'',R-20,Soil,-,-,360,365,"1,230,043","1,246,235",5.81%,5.88%,,,,,,,
Central (Stearns County),446B,3'-9'',R-20,Soil,R-5,-,"2,200","2,209","7,505,563","7,538,157",35.42%,35.58%,,,,,,,
Central (Stearns County),446B,3'-9'',R-20,Soil,R-5,R-5,"2,201","2,216","7,511,499","7,560,695",35.58%,35.81%,,,,,,,
Central (Stearns County),446B,7'-6'',R-5,Soil,-,-,"2,307","2,313","7,871,029","7,892,125",34.43%,34.52%,,,,,,,
Central (Stearns County),446B,7'-6'',R-5,Soil,R-5,-,"2,692","2,730","9,184,084","9,315,274",40.18%,40.75%,,,,,,,
Central (Stearns County),446B,7'-6'',R-10,Soil,-,-,"2,344","2,353","7,999,177","8,028,817",36.62%,36.75%,,,,,,,
Central (Stearns County),446B,7'-6'',R-10,Soil,R-5,-,"2,873","2,917","9,803,648","9,953,908",44.88%,45.56%,,,,,,,
Central (Stearns County),446B,7'-6'',R-10,Soil,R-5,R-5,"2,926","2,966","9,985,469","10,120,645",46.16%,46.78%,,,,,,,
Central (Stearns County),446B,7'-6'',R-20,Soil,-,-,"2,401","2,414","8,191,145","8,237,648",38.66%,38.88%,,,,,,,
Central (Stearns County),446B,7'-6'',R-20,Soil,R-5,-,"3,037","3,083","10,362,693","10,521,296",48.91%,49.66%,,,,,,,
Central (Stearns County),446B,7'-6'',R-20,Soil,R-5,R-5,"3,062","3,116","10,446,671","10,632,800",49.48%,50.36%,,,,,,,
Central (Stearns County),459,3'-9'',R-5,Soil,-,-,320,324,"1,091,811","1,105,382",5.04%,5.10%,,,,,,,
Central (Stearns County),459,3'-9'',R-5,Soil,R-5,-,"1,768","1,786","6,030,997","6,093,339",27.84%,28.13%,,,,,,,
Central (Stearns County),459,3'-9'',R-10,Soil,-,-,248,255,"846,443","868,780",4.10%,4.21%,,,,,,,
Central (Stearns County),459,3'-9'',R-10,Soil,R-5,-,"1,863","1,878","6,355,962","6,408,858",30.77%,31.02%,,,,,,,
Central (Stearns County),459,3'-9'',R-10,Soil,R-5,R-5,"1,877","1,884","6,404,380","6,429,825",31.32%,31.45%,,,,,,,
Central (Stearns County),459,3'-9'',R-20,Soil,-,-,202,207,"689,781","707,894",3.45%,3.54%,,,,,,,
Central (Stearns County),459,3'-9'',R-20,Soil,R-5,-,"1,910","1,919","6,515,824","6,549,345",32.58%,32.75%,,,,,,,
Central (Stearns County),459,3'-9'',R-20,Soil,R-5,R-5,"1,911","1,926","6,520,768","6,572,552",32.73%,32.99%,,,,,,,
Central (Stearns County),459,7'-6'',R-5,Soil,-,-,"2,051","2,058","6,999,998","7,023,478",32.31%,32.42%,,,,,,,
Central (Stearns County),459,7'-6'',R-5,Soil,R-5,-,"2,403","2,438","8,198,009","8,318,676",37.84%,38.40%,,,,,,,
Central (Stearns County),459,7'-6'',R-10,Soil,-,-,"2,084","2,094","7,110,617","7,145,211",34.42%,34.59%,,,,,,,
Central (Stearns County),459,7'-6'',R-10,Soil,R-5,-,"2,569","2,615","8,766,131","8,921,272",42.43%,43.18%,,,,,,,
Central (Stearns County),459,7'-6'',R-10,Soil,R-5,R-5,"2,621","2,661","8,941,601","9,081,184",43.73%,44.42%,,,,,,,
Central (Stearns County),459,7'-6'',R-20,Soil,-,-,"2,137","2,152","7,293,055","7,341,916",36.47%,36.71%,,,,,,,
Central (Stearns County),459,7'-6'',R-20,Soil,R-5,-,"2,726","2,775","9,300,831","9,468,198",46.51%,47.34%,,,,,,,
Central (Stearns County),459,7'-6'',R-20,Soil,R-5,R-5,"2,750","2,809","9,383,608","9,583,626",47.10%,48.10%,,,,,,,
Central (Stearns County),571,3'-9'',R-5,Soil,-,-,279,283,"950,295","964,546",4.45%,4.52%,,,,,,,
Central (Stearns County),571,3'-9'',R-5,Soil,R-5,-,"1,688","1,713","5,761,401","5,844,741",26.99%,27.38%,,,,,,,
Central (Stearns County),571,3'-9'',R-10,Soil,-,-,208,214,"708,203","728,959",3.48%,3.58%,,,,,,,
Central (Stearns County),571,3'-9'',R-10,Soil,R-5,-,"1,787","1,802","6,096,094","6,149,550",29.97%,30.23%,,,,,,,
Central (Stearns County),571,3'-9'',R-10,Soil,R-5,R-5,"1,800","1,808","6,143,202","6,169,170",30.52%,30.65%,,,,,,,
Central (Stearns County),571,3'-9'',R-20,Soil,-,-,162,168,"553,460","571,908",2.81%,2.91%,,,,,,,
Central (Stearns County),571,3'-9'',R-20,Soil,R-5,-,"1,833","1,843","6,254,384","6,288,220",31.77%,31.95%,,,,,,,
Central (Stearns County),571,3'-9'',R-20,Soil,R-5,R-5,"1,835","1,850","6,259,800","6,311,099",31.92%,32.18%,,,,,,,
Central (Stearns County),571,7'-6'',R-5,Soil,-,-,"1,984","1,991","6,769,361","6,793,055",31.72%,31.83%,,,,,,,
Central (Stearns County),571,7'-6'',R-5,Soil,R-5,-,"2,328","2,362","7,942,380","8,058,956",37.21%,37.76%,,,,,,,
Central (Stearns County),571,7'-6'',R-10,Soil,-,-,"2,015","2,025","6,873,816","6,909,676",33.79%,33.97%,,,,,,,
Central (Stearns County),571,7'-6'',R-10,Soil,R-5,-,"2,488","2,534","8,490,032","8,647,831",41.74%,42.51%,,,,,,,
Central (Stearns County),571,7'-6'',R-10,Soil,R-5,R-5,"2,539","2,581","8,663,816","8,805,264",43.04%,43.74%,,,,,,,
Central (Stearns County),571,7'-6'',R-20,Soil,-,-,"2,067","2,083","7,053,766","7,105,854",35.83%,36.10%,,,,,,,
Central (Stearns County),571,7'-6'',R-20,Soil,R-5,-,"2,643","2,694","9,019,787","9,193,567",45.82%,46.70%,,,,,,,
Central (Stearns County),571,7'-6'',R-20,Soil,R-5,R-5,"2,668","2,727","9,102,311","9,306,474",46.42%,47.46%,,,,,,,
Central (Stearns County),572,3'-9'',R-5,Soil,-,-,411,415,"1,403,165","1,416,822",6.28%,6.34%,,,,,,,
Central (Stearns County),572,3'-9'',R-5,Soil,R-5,-,"1,922","1,942","6,559,744","6,626,816",29.36%,29.66%,,,,,,,
Central (Stearns County),572,3'-9'',R-10,Soil,-,-,337,344,"1,149,937","1,174,246",5.39%,5.51%,,,,,,,
Central (Stearns County),572,3'-9'',R-10,Soil,R-5,-,"2,025","2,040","6,909,688","6,961,413",32.40%,32.64%,,,,,,,
Central (Stearns County),572,3'-9'',R-10,Soil,R-5,R-5,"2,040","2,047","6,959,604","6,984,891",32.96%,33.08%,,,,,,,
Central (Stearns County),572,3'-9'',R-20,Soil,-,-,291,296,"994,280","1,010,611",4.81%,4.89%,,,,,,,
Central (Stearns County),572,3'-9'',R-20,Soil,R-5,-,"2,074","2,083","7,075,925","7,108,901",34.24%,34.40%,,,,,,,
Central (Stearns County),572,3'-9'',R-20,Soil,R-5,R-5,"2,075","2,090","7,081,502","7,131,850",34.39%,34.63%,,,,,,,
Central (Stearns County),572,7'-6'',R-5,Soil,-,-,"2,196","2,202","7,493,404","7,515,002",33.54%,33.64%,,,,,,,
Central (Stearns County),572,7'-6'',R-5,Soil,R-5,-,"2,563","2,600","8,744,324","8,872,658",39.14%,39.72%,,,,,,,
Central (Stearns County),572,7'-6'',R-10,Soil,-,-,"2,232","2,241","7,617,178","7,647,864",35.72%,35.86%,,,,,,,
Central (Stearns County),572,7'-6'',R-10,Soil,R-5,-,"2,741","2,785","9,351,347","9,502,666",43.85%,44.56%,,,,,,,
Central (Stearns County),572,7'-6'',R-10,Soil,R-5,R-5,"2,793","2,833","9,530,295","9,666,948",45.14%,45.78%,,,,,,,
Central (Stearns County),572,7'-6'',R-20,Soil,-,-,"2,287","2,302","7,804,687","7,855,987",37.76%,38.01%,,,,,,,
Central (Stearns County),572,7'-6'',R-20,Soil,R-5,-,"2,902","2,949","9,901,012","10,060,962",47.91%,48.68%,,,,,,,
Central (Stearns County),572,7'-6'',R-20,Soil,R-5,R-5,"2,926","2,982","9,984,165","10,176,355",48.49%,49.42%,,,,,,,
Central (Stearns County),582,3'-9'',R-5,Soil,-,-,383,387,"1,307,495","1,321,007",5.90%,5.97%,,,,,,,
Central (Stearns County),582,3'-9'',R-5,Soil,R-5,-,"1,881","1,900","6,418,609","6,482,662",28.99%,29.28%,,,,,,,
Central (Stearns County),582,3'-9'',R-10,Soil,-,-,308,315,"1,051,537","1,074,567",4.98%,5.08%,,,,,,,
Central (Stearns County),582,3'-9'',R-10,Soil,R-5,-,"1,976","1,991","6,741,245","6,793,382",31.90%,32.15%,,,,,,,
Central (Stearns County),582,3'-9'',R-10,Soil,R-5,R-5,"1,990","1,997","6,789,964","6,815,486",32.46%,32.58%,,,,,,,
Central (Stearns County),582,3'-9'',R-20,Soil,-,-,262,267,"895,546","912,630",4.37%,4.46%,,,,,,,
Central (Stearns County),582,3'-9'',R-20,Soil,R-5,-,"2,023","2,033","6,903,267","6,936,439",33.72%,33.88%,,,,,,,
Central (Stearns County),582,3'-9'',R-20,Soil,R-5,R-5,"2,025","2,039","6,908,790","6,958,936",33.87%,34.11%,,,,,,,
Central (Stearns County),582,7'-6'',R-5,Soil,-,-,"2,153","2,159","7,345,014","7,367,180",33.17%,33.27%,,,,,,,
Central (Stearns County),582,7'-6'',R-5,Soil,R-5,-,"2,521","2,557","8,600,836","8,724,345",38.84%,39.40%,,,,,,,
Central (Stearns County),582,7'-6'',R-10,Soil,-,-,"2,185","2,195","7,456,022","7,488,652",35.28%,35.44%,,,,,,,
Central (Stearns County),582,7'-6'',R-10,Soil,R-5,-,"2,690","2,735","9,178,804","9,330,904",43.43%,44.15%,,,,,,,
Central (Stearns County),582,7'-6'',R-10,Soil,R-5,R-5,"2,742","2,782","9,354,904","9,492,902",44.72%,45.38%,,,,,,,
Central (Stearns County),582,7'-6'',R-20,Soil,-,-,"2,240","2,256","7,642,399","7,697,330",37.33%,37.60%,,,,,,,
Central (Stearns County),582,7'-6'',R-20,Soil,R-5,-,"2,849","2,896","9,719,666","9,881,470",47.47%,48.27%,,,,,,,
Central (Stearns County),582,7'-6'',R-20,Soil,R-5,R-5,"2,873","2,929","9,802,957","9,995,866",48.06%,49.00%,,,,,,,
SW (McLeod County),1075,3'-9'',R-5,Soil,-,-,26,59,"90,228","201,541",1.02%,2.29%,,,,,,,
SW (McLeod County),1075,3'-9'',R-5,Soil,R-5,-,70,99,"238,063","337,318",2.70%,3.83%,,,,,,,
SW (McLeod County),1075,3'-9'',R-10,Soil,-,-,22,51,"74,602","174,988",0.88%,2.06%,,,,,,,
SW (McLeod County),1075,3'-9'',R-10,Soil,R-5,-,78,98,"264,546","335,514",3.11%,3.94%,,,,,,,
SW (McLeod County),1075,3'-9'',R-10,Soil,R-5,R-5,88,111,"299,289","379,342",3.55%,4.50%,,,,,,,
SW (McLeod County),1075,3'-9'',R-20,Soil,-,-,15,47,"51,302","159,395",0.62%,1.94%,,,,,,,
SW (McLeod County),1075,3'-9'',R-20,Soil,R-5,-,89,113,"303,534","386,278",3.69%,4.70%,,,,,,,
SW (McLeod County),1075,3'-9'',R-20,Soil,R-5,R-5,93,119,"319,034","406,830",3.90%,4.97%,,,,,,,
SW (McLeod County),1075,7'-6'',R-5,Soil,-,-,402,508,"1,370,236","1,734,121",15.55%,19.68%,,,,,,,
SW (McLeod County),1075,7'-6'',R-5,Soil,R-5,-,423,513,"1,441,806","1,751,023",16.36%,19.87%,,,,,,,
SW (McLeod County),1075,7'-6'',R-10,Soil,-,-,397,549,"1,353,578","1,872,078",15.91%,22.00%,,,,,,,
SW (McLeod County),1075,7'-6'',R-10,Soil,R-5,-,426,567,"1,453,372","1,934,169",17.08%,22.73%,,,,,,,
SW (McLeod County),1075,7'-6'',R-10,Soil,R-5,R-5,428,601,"1,460,409","2,051,538",17.34%,24.36%,,,,,,,
SW (McLeod County),1075,7'-6'',R-20,Soil,-,-,402,611,"1,373,348","2,084,215",16.69%,25.34%,,,,,,,
SW (McLeod County),1075,7'-6'',R-20,Soil,R-5,-,441,643,"1,505,411","2,193,165",18.30%,26.66%,,,,,,,
SW (McLeod County),1075,7'-6'',R-20,Soil,R-5,R-5,444,659,"1,513,768","2,249,749",18.49%,27.48%,,,,,,,
SW (McLeod County),239,3'-9'',R-5,Soil,-,-,454,457,"1,550,099","1,559,272",8.31%,8.36%,,,,,,,
SW (McLeod County),239,3'-9'',R-5,Soil,R-5,-,"1,739","1,754","5,932,075","5,984,145",31.81%,32.09%,,,,,,,
SW (McLeod County),239,3'-9'',R-10,Soil,-,-,385,390,"1,312,808","1,329,151",7.40%,7.50%,,,,,,,
SW (McLeod County),239,3'-9'',R-10,Soil,R-5,-,"1,816","1,821","6,195,387","6,214,279",34.94%,35.05%,,,,,,,
SW (McLeod County),239,3'-9'',R-10,Soil,R-5,R-5,"1,821","1,838","6,213,148","6,270,334",35.43%,35.75%,,,,,,,
SW (McLeod County),239,3'-9'',R-20,Soil,-,-,340,345,"1,160,544","1,177,600",6.77%,6.87%,,,,,,,
SW (McLeod County),239,3'-9'',R-20,Soil,R-5,-,"1,851","1,866","6,316,360","6,367,363",36.85%,37.15%,,,,,,,
SW (McLeod County),239,3'-9'',R-20,Soil,R-5,R-5,"1,857","1,874","6,336,948","6,395,050",37.11%,37.45%,,,,,,,
SW (McLeod County),239,7'-6'',R-5,Soil,-,-,"1,993","1,997","6,801,580","6,815,615",36.47%,36.54%,,,,,,,
SW (McLeod County),239,7'-6'',R-5,Soil,R-5,-,"2,252","2,285","7,684,504","7,798,143",41.20%,41.81%,,,,,,,
SW (McLeod County),239,7'-6'',R-10,Soil,-,-,"2,022","2,032","6,900,778","6,932,511",38.92%,39.10%,,,,,,,
SW (McLeod County),239,7'-6'',R-10,Soil,R-5,-,"2,416","2,454","8,242,558","8,375,028",46.49%,47.24%,,,,,,,
SW (McLeod County),239,7'-6'',R-10,Soil,R-5,R-5,"2,463","2,498","8,403,536","8,523,455",47.91%,48.60%,,,,,,,
SW (McLeod County),239,7'-6'',R-20,Soil,-,-,"2,072","2,094","7,069,820","7,144,065",41.25%,41.68%,,,,,,,
SW (McLeod County),239,7'-6'',R-20,Soil,R-5,-,"2,565","2,613","8,753,301","8,917,221",51.07%,52.02%,,,,,,,
SW (McLeod County),239,7'-6'',R-20,Soil,R-5,R-5,"2,588","2,640","8,829,616","9,007,281",51.71%,52.75%,,,,,,,
SW (McLeod County),27B,3'-9'',R-5,Soil,-,-,587,589,"2,002,262","2,009,460",10.27%,10.30%,,,,,,,
SW (McLeod County),27B,3'-9'',R-5,Soil,R-5,-,"1,941","1,957","6,621,454","6,676,579",33.95%,34.23%,,,,,,,
SW (McLeod County),27B,3'-9'',R-10,Soil,-,-,518,522,"1,767,045","1,780,122",9.51%,9.58%,,,,,,,
SW (McLeod County),27B,3'-9'',R-10,Soil,R-5,-,"2,029","2,035","6,924,708","6,944,602",37.28%,37.38%,,,,,,,
SW (McLeod County),27B,3'-9'',R-10,Soil,R-5,R-5,"2,037","2,053","6,948,922","7,005,772",37.79%,38.10%,,,,,,,
SW (McLeod County),27B,3'-9'',R-20,Soil,-,-,472,478,"1,610,870","1,630,950",8.95%,9.07%,,,,,,,
SW (McLeod County),27B,3'-9'',R-20,Soil,R-5,-,"2,069","2,083","7,059,983","7,108,504",39.24%,39.51%,,,,,,,
SW (McLeod County),27B,3'-9'',R-20,Soil,R-5,R-5,"2,075","2,091","7,079,024","7,136,193",39.49%,39.81%,,,,,,,
SW (McLeod County),27B,7'-6'',R-5,Soil,-,-,"2,188","2,193","7,465,874","7,482,445",38.28%,38.36%,,,,,,,
SW (McLeod County),27B,7'-6'',R-5,Soil,R-5,-,"2,460","2,494","8,392,533","8,508,421",43.03%,43.62%,,,,,,,
SW (McLeod County),27B,7'-6'',R-10,Soil,-,-,"2,224","2,230","7,588,409","7,608,113",40.85%,40.96%,,,,,,,
SW (McLeod County),27B,7'-6'',R-10,Soil,R-5,-,"2,640","2,677","9,006,996","9,135,153",48.49%,49.18%,,,,,,,
SW (McLeod County),27B,7'-6'',R-10,Soil,R-5,R-5,"2,688","2,736","9,173,521","9,336,212",49.89%,50.78%,,,,,,,
SW (McLeod County),27B,7'-6'',R-20,Soil,-,-,"2,276","2,296","7,766,680","7,835,264",43.17%,43.55%,,,,,,,
SW (McLeod County),27B,7'-6'',R-20,Soil,R-5,-,"2,795","2,842","9,536,646","9,695,705",53.01%,53.90%,,,,,,,
SW (McLeod County),27B,7'-6'',R-20,Soil,R-5,R-5,"2,818","2,870","9,614,778","9,793,110",53.64%,54.64%,,,,,,,
SW (McLeod County),327B,3'-9'',R-5,Soil,-,-,455,458,"1,554,013","1,563,222",8.34%,8.39%,,,,,,,
SW (McLeod County),327B,3'-9'',R-5,Soil,R-5,-,"1,730","1,745","5,901,696","5,954,797",31.68%,31.97%,,,,,,,
SW (McLeod County),327B,3'-9'',R-10,Soil,-,-,388,393,"1,323,435","1,340,296",7.47%,7.57%,,,,,,,
SW (McLeod County),327B,3'-9'',R-10,Soil,R-5,-,"1,814","1,820","6,188,025","6,208,529",34.95%,35.07%,,,,,,,
SW (McLeod County),327B,3'-9'',R-10,Soil,R-5,R-5,"1,820","1,836","6,208,939","6,265,917",35.45%,35.77%,,,,,,,
SW (McLeod County),327B,3'-9'',R-20,Soil,-,-,344,348,"1,173,093","1,188,961",6.85%,6.95%,,,,,,,
SW (McLeod County),327B,3'-9'',R-20,Soil,R-5,-,"1,851","1,866","6,315,321","6,365,838",36.89%,37.19%,,,,,,,
SW (McLeod County),327B,3'-9'',R-20,Soil,R-5,R-5,"1,857","1,874","6,335,914","6,394,077",37.16%,37.50%,,,,,,,
SW (McLeod County),327B,7'-6'',R-5,Soil,-,-,"1,992","1,996","6,795,319","6,809,959",36.48%,36.56%,,,,,,,
SW (McLeod County),327B,7'-6'',R-5,Soil,R-5,-,"2,244","2,275","7,657,793","7,763,455",41.11%,41.68%,,,,,,,
SW (McLeod County),327B,7'-6'',R-10,Soil,-,-,"2,024","2,033","6,904,659","6,938,454",39.00%,39.19%,,,,,,,
SW (McLeod County),327B,7'-6'',R-10,Soil,R-5,-,"2,412","2,450","8,229,280","8,360,685",46.48%,47.22%,,,,,,,
SW (McLeod County),327B,7'-6'',R-10,Soil,R-5,R-5,"2,459","2,494","8,391,689","8,511,285",47.91%,48.59%,,,,,,,
SW (McLeod County),327B,7'-6'',R-20,Soil,-,-,"2,074","2,096","7,075,961","7,151,865",41.34%,41.78%,,,,,,,
SW (McLeod County),327B,7'-6'',R-20,Soil,R-5,-,"2,563","2,611","8,745,691","8,910,642",51.09%,52.05%,,,,,,,
SW (McLeod County),327B,7'-6'',R-20,Soil,R-5,R-5,"2,586","2,638","8,822,692","9,001,143",51.74%,52.79%,,,,,,,
SW (McLeod County),392,3'-9'',R-5,Soil,-,-,78,82,"265,631","279,092",1.68%,1.76%,,,,,,,
SW (McLeod County),392,3'-9'',R-5,Soil,R-5,-,"1,089","1,102","3,716,653","3,761,860",23.45%,23.74%,,,,,,,
SW (McLeod County),392,3'-9'',R-10,Soil,-,-,15,25,"50,954","83,677",0.34%,0.56%,,,,,,,
SW (McLeod County),392,3'-9'',R-10,Soil,R-5,-,"1,152","1,158","3,929,867","3,952,887",26.24%,26.39%,,,,,,,
SW (McLeod County),392,3'-9'',R-10,Soil,R-5,R-5,"1,156","1,174","3,943,740","4,005,560",26.66%,27.08%,,,,,,,
SW (McLeod County),392,3'-9'',R-20,Soil,-,-,-27,-12,"-93,192","-40,190",-0.65%,-0.28%,,,,,,,
SW (McLeod County),392,3'-9'',R-20,Soil,R-5,-,"1,182","1,198","4,034,517","4,088,139",28.01%,28.38%,,,,,,,
SW (McLeod County),392,3'-9'',R-20,Soil,R-5,R-5,"1,189","1,206","4,058,735","4,113,460",28.31%,28.69%,,,,,,,
SW (McLeod County),392,7'-6'',R-5,Soil,-,-,"1,374","1,388","4,686,770","4,736,669",29.58%,29.89%,,,,,,,
SW (McLeod County),392,7'-6'',R-5,Soil,R-5,-,"1,584","1,610","5,405,273","5,492,116",34.11%,34.66%,,,,,,,
SW (McLeod County),392,7'-6'',R-10,Soil,-,-,"1,406","1,416","4,796,295","4,830,256",32.03%,32.25%,,,,,,,
SW (McLeod County),392,7'-6'',R-10,Soil,R-5,-,"1,710","1,752","5,835,508","5,976,945",38.96%,39.91%,,,,,,,
SW (McLeod County),392,7'-6'',R-10,Soil,R-5,R-5,"1,753","1,792","5,981,347","6,115,718",40.44%,41.34%,,,,,,,
SW (McLeod County),392,7'-6'',R-20,Soil,-,-,"1,453","1,478","4,957,462","5,041,853",34.42%,35.00%,,,,,,,
SW (McLeod County),392,7'-6'',R-20,Soil,R-5,-,"1,846","1,894","6,297,886","6,462,863",43.72%,44.87%,,,,,,,
SW (McLeod County),392,7'-6'',R-20,Soil,R-5,R-5,"1,867","1,924","6,369,664","6,565,643",44.42%,45.79%,,,,,,,
SW (McLeod County),414,3'-9'',R-5,Soil,-,-,111,114,"377,145","390,253",2.34%,2.42%,,,,,,,
SW (McLeod County),414,3'-9'',R-5,Soil,R-5,-,"1,150","1,164","3,924,217","3,970,191",24.35%,24.63%,,,,,,,
SW (McLeod County),414,3'-9'',R-10,Soil,-,-,49,55,"166,724","188,190",1.09%,1.23%,,,,,,,
SW (McLeod County),414,3'-9'',R-10,Soil,R-5,-,"1,214","1,220","4,141,754","4,164,367",27.18%,27.32%,,,,,,,
SW (McLeod County),414,3'-9'',R-10,Soil,R-5,R-5,"1,218","1,236","4,155,690","4,217,969",27.60%,28.02%,,,,,,,
SW (McLeod County),414,3'-9'',R-20,Soil,-,-,5,18,"16,312","61,155",0.11%,0.42%,,,,,,,
SW (McLeod County),414,3'-9'',R-20,Soil,R-5,-,"1,245","1,260","4,247,788","4,299,621",28.97%,29.32%,,,,,,,
SW (McLeod County),414,3'-9'',R-20,Soil,R-5,R-5,"1,252","1,268","4,271,336","4,326,200",29.26%,29.63%,,,,,,,
SW (McLeod County),414,7'-6'',R-5,Soil,-,-,"1,429","1,445","4,875,848","4,930,768",30.25%,30.59%,,,,,,,
SW (McLeod County),414,7'-6'',R-5,Soil,R-5,-,"1,647","1,673","5,619,543","5,708,786",34.86%,35.42%,,,,,,,
SW (McLeod County),414,7'-6'',R-10,Soil,-,-,"1,463","1,471","4,993,092","5,020,345",32.76%,32.94%,,,,,,,
SW (McLeod County),414,7'-6'',R-10,Soil,R-5,-,"1,777","1,818","6,062,107","6,202,469",39.78%,40.70%,,,,,,,
SW (McLeod County),414,7'-6'',R-10,Soil,R-5,R-5,"1,820","1,859","6,209,384","6,341,737",41.24%,42.12%,,,,,,,
SW (McLeod County),414,7'-6'',R-20,Soil,-,-,"1,511","1,534","5,154,237","5,233,017",35.15%,35.68%,,,,,,,
SW (McLeod County),414,7'-6'',R-20,Soil,R-5,-,"1,914","1,964","6,529,343","6,700,942",44.52%,45.69%,,,,,,,
SW (McLeod County),414,7'-6'',R-20,Soil,R-5,R-5,"1,935","1,991","6,601,987","6,793,765",45.22%,46.53%,,,,,,,
SW (McLeod County),41A,3'-9'',R-5,Soil,-,-,464,467,"1,584,638","1,593,743",8.48%,8.53%,,,,,,,
SW (McLeod County),41A,3'-9'',R-5,Soil,R-5,-,"1,745","1,760","5,953,671","6,006,807",31.85%,32.14%,,,,,,,
SW (McLeod County),41A,3'-9'',R-10,Soil,-,-,397,401,"1,353,839","1,368,531",7.62%,7.70%,,,,,,,
SW (McLeod County),41A,3'-9'',R-10,Soil,R-5,-,"1,829","1,835","6,239,971","6,260,469",35.12%,35.23%,,,,,,,
SW (McLeod County),41A,3'-9'',R-10,Soil,R-5,R-5,"1,835","1,851","6,260,513","6,317,353",35.62%,35.94%,,,,,,,
SW (McLeod County),41A,3'-9'',R-20,Soil,-,-,352,357,"1,201,891","1,218,309",7.00%,7.09%,,,,,,,
SW (McLeod County),41A,3'-9'',R-20,Soil,R-5,-,"1,866","1,881","6,367,148","6,417,701",37.06%,37.36%,,,,,,,
SW (McLeod County),41A,3'-9'',R-20,Soil,R-5,R-5,"1,872","1,889","6,387,886","6,446,120",37.32%,37.66%,,,,,,,
SW (McLeod County),41A,7'-6'',R-5,Soil,-,-,"2,005","2,010","6,842,063","6,857,151",36.61%,36.69%,,,,,,,
SW (McLeod County),41A,7'-6'',R-5,Soil,R-5,-,"2,260","2,291","7,711,330","7,817,430",41.26%,41.83%,,,,,,,
SW (McLeod County),41A,7'-6'',R-10,Soil,-,-,"2,038","2,047","6,952,510","6,985,084",39.13%,39.31%,,,,,,,
SW (McLeod County),41A,7'-6'',R-10,Soil,R-5,-,"2,428","2,466","8,284,502","8,415,815",46.63%,47.36%,,,,,,,
SW (McLeod County),41A,7'-6'',R-10,Soil,R-5,R-5,"2,475","2,511","8,446,650","8,566,244",48.05%,48.73%,,,,,,,
SW (McLeod County),41A,7'-6'',R-20,Soil,-,-,"2,088","2,110","7,123,552","7,198,987",41.46%,41.90%,,,,,,,
SW (McLeod County),41A,7'-6'',R-20,Soil,R-5,-,"2,579","2,627","8,801,253","8,965,332",51.23%,52.18%,,,,,,,
SW (McLeod County),41A,7'-6'',R-20,Soil,R-5,R-5,"2,602","2,654","8,878,683","9,056,387",51.88%,52.92%,,,,,,,
SW (McLeod County),960D2,3'-9'',R-5,Soil,-,-,304,307,"1,038,031","1,049,200",5.90%,5.96%,,,,,,,
SW (McLeod County),960D2,3'-9'',R-5,Soil,R-5,-,"1,489","1,503","5,080,270","5,129,885",28.87%,29.15%,,,,,,,
SW (McLeod County),960D2,3'-9'',R-10,Soil,-,-,233,241,"793,527","821,783",4.76%,4.93%,,,,,,,
SW (McLeod County),960D2,3'-9'',R-10,Soil,R-5,-,"1,561","1,566","5,324,769","5,344,580",31.91%,32.03%,,,,,,,
SW (McLeod County),960D2,3'-9'',R-10,Soil,R-5,R-5,"1,566","1,583","5,342,185","5,400,875",32.38%,32.74%,,,,,,,
SW (McLeod County),960D2,3'-9'',R-20,Soil,-,-,193,200,"659,250","683,690",4.09%,4.25%,,,,,,,
SW (McLeod County),960D2,3'-9'',R-20,Soil,R-5,-,"1,595","1,609","5,441,581","5,491,548",33.79%,34.11%,,,,,,,
SW (McLeod County),960D2,3'-9'',R-20,Soil,R-5,R-5,"1,601","1,617","5,464,219","5,517,959",34.07%,34.41%,,,,,,,
SW (McLeod County),960D2,7'-6'',R-5,Soil,-,-,"1,753","1,764","5,982,190","6,018,783",34.00%,34.21%,,,,,,,
SW (McLeod County),960D2,7'-6'',R-5,Soil,R-5,-,"1,994","2,026","6,802,561","6,913,517",38.66%,39.29%,,,,,,,
SW (McLeod County),960D2,7'-6'',R-10,Soil,-,-,"1,786","1,792","6,093,903","6,115,578",36.52%,36.65%,,,,,,,
SW (McLeod County),960D2,7'-6'',R-10,Soil,R-5,-,"2,145","2,185","7,320,648","7,457,161",43.87%,44.69%,,,,,,,
SW (McLeod County),960D2,7'-6'',R-10,Soil,R-5,R-5,"2,192","2,227","7,477,712","7,600,465",45.33%,46.07%,,,,,,,
SW (McLeod County),960D2,7'-6'',R-20,Soil,-,-,"1,835","1,859","6,259,699","6,344,477",38.88%,39.40%,,,,,,,
SW (McLeod County),960D2,7'-6'',R-20,Soil,R-5,-,"2,291","2,338","7,817,703","7,978,386",48.55%,49.55%,,,,,,,
SW (McLeod County),960D2,7'-6'',R-20,Soil,R-5,R-5,"2,313","2,366","7,891,528","8,072,934",49.21%,50.34%,,,,,,,
SW (McLeod County),L113B,3'-9'',R-5,Soil,-,-,484,487,"1,653,049","1,660,990",8.77%,8.81%,,,,,,,
SW (McLeod County),L113B,3'-9'',R-5,Soil,R-5,-,"1,785","1,801","6,091,938","6,144,544",32.32%,32.60%,,,,,,,
SW (McLeod County),L113B,3'-9'',R-10,Soil,-,-,415,420,"1,417,409","1,433,060",7.91%,7.99%,,,,,,,
SW (McLeod County),L113B,3'-9'',R-10,Soil,R-5,-,"1,865","1,871","6,363,491","6,384,200",35.50%,35.61%,,,,,,,
SW (McLeod County),L113B,3'-9'',R-10,Soil,R-5,R-5,"1,871","1,888","6,383,485","6,440,644",35.99%,36.31%,,,,,,,
SW (McLeod County),L113B,3'-9'',R-20,Soil,-,-,370,375,"1,262,585","1,280,408",7.28%,7.38%,,,,,,,
SW (McLeod County),L113B,3'-9'',R-20,Soil,R-5,-,"1,901","1,916","6,488,060","6,538,258",37.42%,37.71%,,,,,,,
SW (McLeod County),L113B,3'-9'',R-20,Soil,R-5,R-5,"1,908","1,924","6,508,778","6,566,473",37.68%,38.02%,,,,,,,
SW (McLeod County),L113B,7'-6'',R-5,Soil,-,-,"2,038","2,043","6,953,950","6,969,699",36.89%,36.98%,,,,,,,
SW (McLeod County),L113B,7'-6'',R-5,Soil,R-5,-,"2,303","2,334","7,857,704","7,962,856",41.69%,42.25%,,,,,,,
SW (McLeod County),L113B,7'-6'',R-10,Soil,-,-,"2,069","2,078","7,060,593","7,089,112",39.38%,39.54%,,,,,,,
SW (McLeod County),L113B,7'-6'',R-10,Soil,R-5,-,"2,468","2,506","8,421,860","8,551,948",46.98%,47.70%,,,,,,,
SW (McLeod County),L113B,7'-6'',R-10,Soil,R-5,R-5,"2,515","2,550","8,582,089","8,701,798",48.39%,49.06%,,,,,,,
SW (McLeod County),L113B,7'-6'',R-20,Soil,-,-,"2,119","2,140","7,230,637","7,302,923",41.70%,42.12%,,,,,,,
SW (McLeod County),L113B,7'-6'',R-20,Soil,R-5,-,"2,618","2,667","8,934,594","9,098,497",51.53%,52.48%,,,,,,,
SW (McLeod County),L113B,7'-6'',R-20,Soil,R-5,R-5,"2,641","2,693","9,012,049","9,187,801",52.17%,53.19%,,,,,,,
SE (Houston County),194,3'-9'',R-5,Soil,-,-,66,72,"226,787","245,890",2.46%,2.67%,,,,,,,
SE (Houston County),194,3'-9'',R-5,Soil,R-5,-,603,625,"2,056,001","2,134,033",22.30%,23.14%,,,,,,,
SE (Houston County),194,3'-9'',R-10,Soil,-,-,18,29,"61,685","97,698",0.73%,1.15%,,,,,,,
SE (Houston County),194,3'-9'',R-10,Soil,R-5,-,670,682,"2,285,765","2,326,090",26.91%,27.39%,,,,,,,
SE (Houston County),194,3'-9'',R-10,Soil,R-5,R-5,681,704,"2,324,482","2,403,038",27.87%,28.82%,,,,,,,
SE (Houston County),194,3'-9'',R-20,Soil,-,-,-8,-1,"-27,615","-4,340",-0.34%,-0.05%,,,,,,,
SE (Houston County),194,3'-9'',R-20,Soil,R-5,-,705,725,"2,406,526","2,474,329",30.03%,30.87%,,,,,,,
SE (Houston County),194,3'-9'',R-20,Soil,R-5,R-5,707,733,"2,412,310","2,499,817",30.30%,31.40%,,,,,,,
SE (Houston County),194,7'-6'',R-5,Soil,-,-,916,947,"3,125,826","3,229,982",33.90%,35.03%,,,,,,,
SE (Houston County),194,7'-6'',R-5,Soil,R-5,-,943,983,"3,217,654","3,353,303",34.89%,36.36%,,,,,,,
SE (Houston County),194,7'-6'',R-10,Soil,-,-,941,974,"3,211,635","3,323,168",37.82%,39.13%,,,,,,,
SE (Houston County),194,7'-6'',R-10,Soil,R-5,-,"1,062","1,103","3,624,247","3,764,484",42.67%,44.33%,,,,,,,
SE (Houston County),194,7'-6'',R-10,Soil,R-5,R-5,"1,115","1,157","3,802,841","3,946,847",45.60%,47.33%,,,,,,,
SE (Houston County),194,7'-6'',R-20,Soil,-,-,985,"1,043","3,360,458","3,560,426",41.93%,44.42%,,,,,,,
SE (Houston County),194,7'-6'',R-20,Soil,R-5,-,"1,187","1,255","4,049,138","4,283,458",50.52%,53.44%,,,,,,,
SE (Houston County),194,7'-6'',R-20,Soil,R-5,R-5,"1,198","1,283","4,089,406","4,377,471",51.37%,54.99%,,,,,,,
SE (Houston County),388D2,3'-9'',R-5,Soil,-,-,351,354,"1,198,104","1,209,549",10.49%,10.59%,,,,,,,
SE (Houston County),388D2,3'-9'',R-5,Soil,R-5,-,"1,102","1,122","3,759,793","3,828,929",32.91%,33.52%,,,,,,,
SE (Houston County),388D2,3'-9'',R-10,Soil,-,-,292,301,"994,838","1,027,805",9.34%,9.65%,,,,,,,
SE (Houston County),388D2,3'-9'',R-10,Soil,R-5,-,"1,183","1,193","4,037,433","4,069,512",37.91%,38.21%,,,,,,,
SE (Houston County),388D2,3'-9'',R-10,Soil,R-5,R-5,"1,196","1,218","4,080,097","4,155,157",38.88%,39.60%,,,,,,,
SE (Houston County),388D2,3'-9'',R-20,Soil,-,-,265,268,"902,522","915,713",8.88%,9.01%,,,,,,,
SE (Houston County),388D2,3'-9'',R-20,Soil,R-5,-,"1,225","1,245","4,178,839","4,247,771",41.11%,41.78%,,,,,,,
SE (Houston County),388D2,3'-9'',R-20,Soil,R-5,R-5,"1,226","1,254","4,184,826","4,277,898",41.38%,42.31%,,,,,,,
SE (Houston County),388D2,7'-6'',R-5,Soil,-,-,"1,409","1,423","4,806,270","4,853,870",42.08%,42.49%,,,,,,,
SE (Houston County),388D2,7'-6'',R-5,Soil,R-5,-,"1,470","1,506","5,015,130","5,140,062",43.90%,45.00%,,,,,,,
SE (Houston County),388D2,7'-6'',R-10,Soil,-,-,"1,442","1,483","4,921,226","5,061,711",46.21%,47.53%,,,,,,,
SE (Houston County),388D2,7'-6'',R-10,Soil,R-5,-,"1,621","1,661","5,531,468","5,666,755",51.94%,53.21%,,,,,,,
SE (Houston County),388D2,7'-6'',R-10,Soil,R-5,R-5,"1,669","1,705","5,693,564","5,818,951",54.26%,55.45%,,,,,,,
SE (Houston County),388D2,7'-6'',R-20,Soil,-,-,"1,489","1,537","5,079,488","5,243,794",49.97%,51.58%,,,,,,,
SE (Houston County),388D2,7'-6'',R-20,Soil,R-5,-,"1,766","1,817","6,025,913","6,198,763",59.27%,60.97%,,,,,,,
SE (Houston County),388D2,7'-6'',R-20,Soil,R-5,R-5,"1,779","1,845","6,071,466","6,296,746",60.04%,62.27%,,,,,,,
SE (Houston County),388E,3'-9'',R-5,Soil,-,-,351,354,"1,198,104","1,209,549",10.49%,10.59%,,,,,,,
SE (Houston County),388E,3'-9'',R-5,Soil,R-5,-,"1,102","1,122","3,759,793","3,828,929",32.91%,33.52%,,,,,,,
SE (Houston County),388E,3'-9'',R-10,Soil,-,-,292,301,"994,838","1,027,805",9.34%,9.65%,,,,,,,
SE (Houston County),388E,3'-9'',R-10,Soil,R-5,-,"1,183","1,193","4,037,433","4,069,512",37.91%,38.21%,,,,,,,
SE (Houston County),388E,3'-9'',R-10,Soil,R-5,R-5,"1,196","1,218","4,080,097","4,155,157",38.88%,39.60%,,,,,,,
SE (Houston County),388E,3'-9'',R-20,Soil,-,-,265,268,"902,522","915,713",8.88%,9.01%,,,,,,,
SE (Houston County),388E,3'-9'',R-20,Soil,R-5,-,"1,225","1,245","4,178,839","4,247,771",41.11%,41.78%,,,,,,,
SE (Houston County),388E,3'-9'',R-20,Soil,R-5,R-5,"1,226","1,254","4,184,826","4,277,898",41.38%,42.31%,,,,,,,
SE (Houston County),388E,7'-6'',R-5,Soil,-,-,"1,409","1,423","4,806,270","4,853,870",42.08%,42.49%,,,,,,,
SE (Houston County),388E,7'-6'',R-5,Soil,R-5,-,"1,470","1,506","5,015,130","5,140,062",43.90%,45.00%,,,,,,,
SE (Houston County),388E,7'-6'',R-10,Soil,-,-,"1,442","1,483","4,921,226","5,061,711",46.21%,47.53%,,,,,,,
SE (Houston County),388E,7'-6'',R-10,Soil,R-5,-,"1,621","1,661","5,531,468","5,666,755",51.94%,53.21%,,,,,,,
SE (Houston County),388E,7'-6'',R-10,Soil,R-5,R-5,"1,669","1,705","5,693,564","5,818,951",54.26%,55.45%,,,,,,,
SE (Houston County),388E,7'-6'',R-20,Soil,-,-,"1,489","1,537","5,079,488","5,243,794",49.97%,51.58%,,,,,,,
SE (Houston County),388E,7'-6'',R-20,Soil,R-5,-,"1,766","1,817","6,025,913","6,198,763",59.27%,60.97%,,,,,,,
SE (Houston County),388E,7'-6'',R-20,Soil,R-5,R-5,"1,779","1,845","6,071,466","6,296,746",60.04%,62.27%,,,,,,,
SE (Houston County),455B2,3'-9'',R-5,Soil,-,-,313,317,"1,068,442","1,080,458",9.57%,9.68%,,,,,,,
SE (Houston County),455B2,3'-9'',R-5,Soil,R-5,-,"1,043","1,063","3,557,549","3,626,039",31.86%,32.47%,,,,,,,
SE (Houston County),455B2,3'-9'',R-10,Soil,-,-,256,265,"872,325","902,781",8.39%,8.68%,,,,,,,
SE (Houston County),455B2,3'-9'',R-10,Soil,R-5,-,"1,121","1,130","3,825,785","3,856,696",36.79%,37.09%,,,,,,,
SE (Houston County),455B2,3'-9'',R-10,Soil,R-5,R-5,"1,134","1,155","3,868,618","3,942,245",37.78%,38.49%,,,,,,,
SE (Houston County),455B2,3'-9'',R-20,Soil,-,-,227,231,"774,507","788,521",7.81%,7.95%,,,,,,,
SE (Houston County),455B2,3'-9'',R-20,Soil,R-5,-,"1,161","1,182","3,962,980","4,033,934",39.98%,40.69%,,,,,,,
SE (Houston County),455B2,3'-9'',R-20,Soil,R-5,R-5,"1,163","1,191","3,969,334","4,062,165",40.26%,41.20%,,,,,,,
SE (Houston County),455B2,7'-6'',R-5,Soil,-,-,"1,349","1,365","4,603,008","4,656,874",41.22%,41.70%,,,,,,,
SE (Houston County),455B2,7'-6'',R-5,Soil,R-5,-,"1,408","1,444","4,802,651","4,928,375",43.01%,44.13%,,,,,,,
SE (Houston County),455B2,7'-6'',R-10,Soil,-,-,"1,382","1,424","4,715,963","4,859,279",45.35%,46.73%,,,,,,,
SE (Houston County),455B2,7'-6'',R-10,Soil,R-5,-,"1,555","1,596","5,305,332","5,447,184",51.02%,52.39%,,,,,,,
SE (Houston County),455B2,7'-6'',R-10,Soil,R-5,R-5,"1,604","1,640","5,474,700","5,594,449",53.46%,54.63%,,,,,,,
SE (Houston County),455B2,7'-6'',R-20,Soil,-,-,"1,427","1,476","4,870,822","5,038,009",49.14%,50.82%,,,,,,,
SE (Houston County),455B2,7'-6'',R-20,Soil,R-5,-,"1,697","1,750","5,790,784","5,971,515",58.42%,60.24%,,,,,,,
SE (Houston County),455B2,7'-6'',R-20,Soil,R-5,R-5,"1,710","1,779","5,835,960","6,068,730",59.19%,61.55%,,,,,,,
SE (Houston County),455C2,3'-9'',R-5,Soil,-,-,313,317,"1,068,442","1,080,458",9.57%,9.68%,,,,,,,
SE (Houston County),455C2,3'-9'',R-10,Soil,-,-,256,265,"872,325","902,781",8.39%,8.68%,,,,,,,
SE (Houston County),455C2,3'-9'',R-10,Soil,R-5,-,"1,121","1,130","3,825,785","3,856,696",36.79%,37.09%,,,,,,,
SE (Houston County),455C2,3'-9'',R-10,Soil,R-5,R-5,"1,134","1,155","3,868,618","3,942,245",37.78%,38.49%,,,,,,,
SE (Houston County),455C2,3'-9'',R-20,Soil,-,-,227,231,"774,507","788,521",7.81%,7.95%,,,,,,,
SE (Houston County),455C2,3'-9'',R-20,Soil,R-5,-,"1,161","1,182","3,962,980","4,033,934",39.98%,40.69%,,,,,,,
SE (Houston County),455C2,3'-9'',R-20,Soil,R-5,R-5,"1,163","1,191","3,969,334","4,062,165",40.26%,41.20%,,,,,,,
SE (Houston County),455C2,7'-6'',R-5,Soil,R-5,-,"1,408","1,444","4,802,651","4,928,375",43.01%,44.13%,,,,,,,
SE (Houston County),455C2,7'-6'',R-10,Soil,-,-,"1,382","1,424","4,715,963","4,859,279",45.35%,46.73%,,,,,,,
SE (Houston County),455C2,7'-6'',R-10,Soil,R-5,-,"1,555","1,596","5,305,332","5,447,184",51.02%,52.39%,,,,,,,
SE (Houston County),455C2,7'-6'',R-10,Soil,R-5,R-5,"1,604","1,640","5,474,700","5,594,449",53.46%,54.63%,,,,,,,
SE (Houston County),455C2,7'-6'',R-20,Soil,-,-,"1,427","1,476","4,870,822","5,038,009",49.14%,50.82%,,,,,,,
SE (Houston County),455C2,7'-6'',R-20,Soil,R-5,-,"1,697","1,750","5,790,784","5,971,515",58.42%,60.24%,,,,,,,
SE (Houston County),455C2,7'-6'',R-20,Soil,R-5,R-5,"1,710","1,779","5,835,960","6,068,730",59.19%,61.55%,,,,,,,
SE (Houston County),593F,3'-9'',R-5,Soil,-,-,294,299,"1,001,681","1,020,916",9.07%,9.24%,,,,,,,
SE (Houston County),593F,3'-9'',R-10,Soil,-,-,238,247,"810,940","842,192",7.89%,8.20%,,,,,,,
SE (Houston County),593F,3'-9'',R-10,Soil,R-5,-,"1,091","1,101","3,724,182","3,755,998",36.24%,36.55%,,,,,,,
SE (Houston County),593F,3'-9'',R-10,Soil,R-5,R-5,"1,103","1,125","3,765,213","3,840,326",37.21%,37.95%,,,,,,,
SE (Houston County),593F,3'-9'',R-20,Soil,-,-,210,214,"715,052","730,124",7.30%,7.46%,,,,,,,
SE (Houston County),593F,3'-9'',R-20,Soil,R-5,-,"1,131","1,152","3,860,257","3,931,266",39.42%,40.15%,,,,,,,
SE (Houston County),593F,3'-9'',R-20,Soil,R-5,R-5,"1,133","1,160","3,866,235","3,959,111",39.70%,40.65%,,,,,,,
SE (Houston County),593F,7'-6'',R-5,Soil,R-5,-,"1,378","1,416","4,703,581","4,830,724",42.59%,43.74%,,,,,,,
SE (Houston County),593F,7'-6'',R-10,Soil,-,-,"1,353","1,396","4,616,789","4,761,814",44.92%,46.34%,,,,,,,
SE (Houston County),593F,7'-6'',R-10,Soil,R-5,-,"1,523","1,565","5,197,229","5,340,092",50.57%,51.96%,,,,,,,
SE (Houston County),593F,7'-6'',R-10,Soil,R-5,R-5,"1,573","1,608","5,368,722","5,486,449",53.05%,54.21%,,,,,,,
SE (Houston County),593F,7'-6'',R-20,Soil,-,-,"1,398","1,448","4,771,134","4,940,173",48.72%,50.45%,,,,,,,
SE (Houston County),593F,7'-6'',R-20,Soil,R-5,-,"1,664","1,718","5,678,905","5,863,409",57.99%,59.88%,,,,,,,
SE (Houston County),593F,7'-6'',R-20,Soil,R-5,R-5,"1,677","1,747","5,723,674","5,960,312",58.77%,61.20%,,,,,,,
SE (Houston County),598B,3'-9'',R-5,Soil,-,-,255,261,"870,984","889,301",8.08%,8.25%,,,,,,,
SE (Houston County),598B,3'-9'',R-10,Soil,-,-,202,211,"690,789","719,427",6.90%,7.19%,,,,,,,
SE (Houston County),598B,3'-9'',R-10,Soil,R-5,-,"1,028","1,037","3,506,689","3,537,912",35.02%,35.34%,,,,,,,
SE (Houston County),598B,3'-9'',R-10,Soil,R-5,R-5,"1,040","1,062","3,547,551","3,623,160",36.00%,36.76%,,,,,,,
SE (Houston County),598B,3'-9'',R-20,Soil,-,-,173,179,"591,317","611,259",6.21%,6.42%,,,,,,,
SE (Houston County),598B,3'-9'',R-20,Soil,R-5,-,"1,068","1,088","3,643,485","3,713,953",38.24%,38.98%,,,,,,,
SE (Houston County),598B,3'-9'',R-20,Soil,R-5,R-5,"1,070","1,097","3,649,698","3,741,870",38.52%,39.50%,,,,,,,
SE (Houston County),598B,7'-6'',R-5,Soil,R-5,-,"1,306","1,343","4,456,739","4,583,394",41.35%,42.53%,,,,,,,
SE (Houston County),598B,7'-6'',R-10,Soil,-,-,"1,291","1,332","4,404,277","4,545,738",43.99%,45.40%,,,,,,,
SE (Houston County),598B,7'-6'',R-10,Soil,R-5,-,"1,453","1,495","4,956,475","5,102,448",49.50%,50.96%,,,,,,,
SE (Houston County),598B,7'-6'',R-10,Soil,R-5,R-5,"1,505","1,538","5,134,232","5,246,346",52.10%,53.23%,,,,,,,
SE (Houston County),598B,7'-6'',R-20,Soil,-,-,"1,337","1,388","4,561,354","4,734,591",47.87%,49.69%,,,,,,,
SE (Houston County),598B,7'-6'',R-20,Soil,R-5,-,"1,593","1,649","5,436,128","5,627,398",57.05%,59.06%,,,,,,,
SE (Houston County),598B,7'-6'',R-20,Soil,R-5,R-5,"1,606","1,676","5,480,754","5,720,037",57.85%,60.37%,,,,,,,
SE (Houston County),605D2,3'-9'',R-5,Soil,-,-,510,514,"1,739,975","1,755,388",14.00%,14.12%,,,,,,,
SE (Houston County),605D2,3'-9'',R-10,Soil,-,-,454,465,"1,549,905","1,585,002",13.31%,13.61%,,,,,,,
SE (Houston County),605D2,3'-9'',R-10,Soil,R-5,-,"1,432","1,440","4,884,831","4,914,619",41.96%,42.21%,,,,,,,
SE (Houston County),605D2,3'-9'',R-10,Soil,R-5,R-5,"1,444","1,466","4,926,376","5,001,838",42.90%,43.55%,,,,,,,
SE (Houston County),605D2,3'-9'',R-20,Soil,-,-,419,423,"1,430,508","1,443,169",12.82%,12.94%,,,,,,,
SE (Houston County),605D2,3'-9'',R-20,Soil,R-5,-,"1,474","1,494","5,031,152","5,098,138",45.10%,45.70%,,,,,,,
SE (Houston County),605D2,3'-9'',R-20,Soil,R-5,R-5,"1,477","1,503","5,038,357","5,128,159",45.38%,46.19%,,,,,,,
SE (Houston County),605D2,7'-6'',R-5,Soil,R-5,-,"1,724","1,760","5,881,765","6,005,903",47.32%,48.32%,,,,,,,
SE (Houston County),605D2,7'-6'',R-10,Soil,-,-,"1,683","1,723","5,742,968","5,878,650",49.33%,50.49%,,,,,,,
SE (Houston County),605D2,7'-6'',R-10,Soil,R-5,-,"1,886","1,924","6,434,085","6,566,637",55.26%,56.40%,,,,,,,
SE (Houston County),605D2,7'-6'',R-10,Soil,R-5,R-5,"1,933","1,986","6,595,088","6,774,844",57.43%,58.99%,,,,,,,
SE (Houston County),605D2,7'-6'',R-20,Soil,-,-,"1,731","1,774","5,905,897","6,053,678",52.94%,54.27%,,,,,,,